pais,departamento,localidad
URUGUAY,MONTEVIDEO,MONTEVIDEO
URUGUAY,ARTIGAS,ARTIGAS
URUGUAY,ARTIGAS,BELLA UNION
URUGUAY,ARTIGAS,TOMAS GOMENSORO
URUGUAY,ARTIGAS,BALTASAR BRUM
URUGUAY,ARTIGAS,BERNABE RIVERA
URUGUAY,ARTIGAS,FRANQUIA
URUGUAY,ARTIGAS,SEQUEIRA
URUGUAY,ARTIGAS,CORONADO
URUGUAY,ARTIGAS,CUAREIM
URUGUAY,ARTIGAS,CUARO
URUGUAY,ARTIGAS,JAVIER DE VIANA
URUGUAY,ARTIGAS,LA BOLSA
URUGUAY,ARTIGAS,LAS PIEDRAS
URUGUAY,ARTIGAS,PINTADITO
URUGUAY,ARTIGAS,PORT. DE HIERRO Y CAMPODONICO
URUGUAY,ARTIGAS,MONES QUINTELA
URUGUAY,ARTIGAS,CAINSA
URUGUAY,ARTIGAS,PASO CAMPAMENTO
URUGUAY,ARTIGAS,DIEGO LAMAS
URUGUAY,ARTIGAS,PASO FARIAS
URUGUAY,ARTIGAS,RINCON DE PACHECO
URUGUAY,ARTIGAS,TOPADOR
URUGUAY,ARTIGAS,CERRO EJIDO
URUGUAY,ARTIGAS,COLONIA PALMA
URUGUAY,ARTIGAS,CERRO SIGNORELLI (EL MIRADOR)
URUGUAY,ARTIGAS,CERRO SAN EUGENIO
URUGUAY,ARTIGAS,CALNU
URUGUAY,CANELONES,LAS PIEDRAS
URUGUAY,CANELONES,CANELONES
URUGUAY,CANELONES,LA PAZ
URUGUAY,CANELONES,PANDO
URUGUAY,CANELONES,SANTA LUCIA
URUGUAY,CANELONES,PIEDRAS DE AFILAR
URUGUAY,CANELONES,CUMBRES DE CARRASCO
URUGUAY,CANELONES,HARAS DEL LAGO
URUGUAY,CANELONES,QUINTA LOS HORNEROS
URUGUAY,CANELONES,LAS HIGUERITAS
URUGUAY,CANELONES,SOFIA SANTOS
URUGUAY,CANELONES,PROGRESO
URUGUAY,CANELONES,SAN RAMON
URUGUAY,CANELONES,BARROS BLANCOS
URUGUAY,CANELONES,COLONIA NICOLICH
URUGUAY,CANELONES,JOAQUIN SUAREZ
URUGUAY,CANELONES,PASO CARRASCO
URUGUAY,CANELONES,SANTA ROSA
URUGUAY,CANELONES,SAUCE
URUGUAY,CANELONES,TALA
URUGUAY,CANELONES,VILLA CRESPO Y SAN ANDRES
URUGUAY,CANELONES,FRACC. CNO. ANDALUZ Y R.84
URUGUAY,CANELONES,ATLANTIDA
URUGUAY,CANELONES,ESTACION ATLANTIDA
URUGUAY,CANELONES,CERRILLOS
URUGUAY,CANELONES,EMPALME OLMOS
URUGUAY,CANELONES,MIGUES
URUGUAY,CANELONES,PARQUE DEL PLATA
URUGUAY,CANELONES,SAN BAUTISTA
URUGUAY,CANELONES,SAN JACINTO
URUGUAY,CANELONES,DR. FRANCISCO SOCA
URUGUAY,CANELONES,TOLEDO
URUGUAY,CANELONES,MONTES
URUGUAY,CANELONES,SAN JOSE DE CARRASCO
URUGUAY,CANELONES,FRACC. SOBRE RUTA 74
URUGUAY,CANELONES,AGUAS CORRIENTES
URUGUAY,CANELONES,BARRA DE CARRASCO
URUGUAY,CANELONES,JUANICO
URUGUAY,CANELONES,LA FLORESTA
URUGUAY,CANELONES,ESTACION LA FLORESTA
URUGUAY,CANELONES,LAS TOSCAS
URUGUAY,CANELONES,PARQUE CARRASCO
URUGUAY,CANELONES,SALINAS
URUGUAY,CANELONES,SAN ANTONIO
URUGUAY,CANELONES,AEROPUERTO INTERNACIONAL DE CARRAS
URUGUAY,CANELONES,SOLYMAR
URUGUAY,CANELONES,VILLA AEROPARQUE
URUGUAY,CANELONES,CASTELLANOS
URUGUAY,CANELONES,BARRIO COPOLA
URUGUAY,CANELONES,COSTA AZUL
URUGUAY,CANELONES,COSTA Y GUILLAMON
URUGUAY,CANELONES,EL PINAR
URUGUAY,CANELONES,ESTACION MIGUES
URUGUAY,CANELONES,PINAMAR - PINEPARK
URUGUAY,CANELONES,LAGOMAR
URUGUAY,CANELONES,OLMOS
URUGUAY,CANELONES,PARADA CABRERA
URUGUAY,CANELONES,SAN LUIS
URUGUAY,CANELONES,SHANGRILA
URUGUAY,CANELONES,TOTORAL DEL SAUCE
URUGUAY,CANELONES,VILLA FELICIDAD
URUGUAY,CANELONES,VILLA PAZ S.A.
URUGUAY,CANELONES,VILLA SAN JOSE
URUGUAY,CANELONES,ESTACION TAPIA
URUGUAY,CANELONES,VILLA SAN FELIPE
URUGUAY,CANELONES,VILLA HADITA
URUGUAY,CANELONES,PASO DE PACHE
URUGUAY,CANELONES,CITY GOLF
URUGUAY,CANELONES,VIEJO MOLINO SAN BERNARDO
URUGUAY,CANELONES,ESTANQUE DE PANDO
URUGUAY,CANELONES,JARDINES DE PANDO
URUGUAY,CANELONES,PASO ESPINOSA
URUGUAY,CANELONES,ARAMINDA
URUGUAY,CANELONES,ARGENTINO
URUGUAY,CANELONES,BELLO HORIZONTE
URUGUAY,CANELONES,BIARRITZ
URUGUAY,CANELONES,BOLIVAR
URUGUAY,CANELONES,CAMPO MILITAR
URUGUAY,CANELONES,CAPILLA DE CELLA
URUGUAY,CANELONES,CRUZ DE LOS CAMINOS
URUGUAY,CANELONES,CUCHILLA ALTA
URUGUAY,CANELONES,EL BOSQUE
URUGUAY,CANELONES,ESTACION PEDRERA
URUGUAY,CANELONES,FORTIN DE SANTA ROSA
URUGUAY,CANELONES,FRACC. PROGRESO
URUGUAY,CANELONES,INSTITUTO ADVENTISTA
URUGUAY,CANELONES,JAUREGUIBERRY
URUGUAY,CANELONES,LA LUCHA
URUGUAY,CANELONES,LA MONTAÐESA
URUGUAY,CANELONES,LOMAS DE SOLYMAR
URUGUAY,CANELONES,LOS TITANES
URUGUAY,CANELONES,MARINDIA
URUGUAY,CANELONES,NEPTUNIA
URUGUAY,CANELONES,PASO DE LA CADENA
URUGUAY,CANELONES,PASO PALOMEQUE
URUGUAY,CANELONES,PIEDRA DEL TORO
URUGUAY,CANELONES,ESTACION PIEDRAS DE AFILAR
URUGUAY,CANELONES,EL GALEON
URUGUAY,CANELONES,SANTA ANA
URUGUAY,CANELONES,SANTA LUCIA DEL ESTE
URUGUAY,CANELONES,SEIS HERMANOS
URUGUAY,CANELONES,VILLA AREJO
URUGUAY,CANELONES,VILLA ARGENTINA
URUGUAY,CANELONES,VILLA PORVENIR
URUGUAY,CANELONES,LA TUNA
URUGUAY,CANELONES,GUAZU - VIRA
URUGUAY,CANELONES,COLINAS DE SOLYMAR
URUGUAY,CANELONES,BARRIO REMANSO
URUGUAY,CANELONES,VILLA EL TATO
URUGUAY,CANELONES,VILLA SAN CONO
URUGUAY,CANELONES,VILLA JUANA
URUGUAY,CANELONES,COLINAS DE CARRASCO
URUGUAY,CANELONES,LOMAS DE CARRASCO
URUGUAY,CANELONES,CARMEL
URUGUAY,CANELONES,LA ASUNCION
URUGUAY,CANELONES,QUINTAS DEL BOSQUE
URUGUAY,CANELONES,ALTOS DE LA TAHONA
URUGUAY,CERRO LARGO,MELO
URUGUAY,CERRO LARGO,FRAILE MUERTO
URUGUAY,CERRO LARGO,RIO BRANCO
URUGUAY,CERRO LARGO,TUPAMBAE
URUGUAY,CERRO LARGO,ISIDORO NOBLIA
URUGUAY,CERRO LARGO,ACEGUA
URUGUAY,CERRO LARGO,BAÐADO DE MEDINA
URUGUAY,CERRO LARGO,CENTURION
URUGUAY,CERRO LARGO,CERRO DE LAS CUENTAS
URUGUAY,CERRO LARGO,HIPODROMO
URUGUAY,CERRO LARGO,PLACIDO ROSAS
URUGUAY,CERRO LARGO,TOLEDO
URUGUAY,CERRO LARGO,TRES ISLAS
URUGUAY,CERRO LARGO,POBLADO URUGUAY
URUGUAY,CERRO LARGO,ARBOLITO
URUGUAY,CERRO LARGO,AREVALO
URUGUAY,CERRO LARGO,CASERIO LAS CAÐAS
URUGUAY,CERRO LARGO,ESPERANZA
URUGUAY,CERRO LARGO,GETULIO VARGAS
URUGUAY,CERRO LARGO,LA PEDRERA
URUGUAY,CERRO LARGO,LAGO MERIN
URUGUAY,CERRO LARGO,MANGRULLO
URUGUAY,CERRO LARGO,NANDO
URUGUAY,CERRO LARGO,QUEBRACHO
URUGUAY,CERRO LARGO,RAMON TRIGO
URUGUAY,CERRO LARGO,SOTO GORO
URUGUAY,CERRO LARGO,BARRIO LOPEZ BENITEZ
URUGUAY,CERRO LARGO,BARRIO LA VINCHUCA
URUGUAY,CERRO LARGO,ARACHANIA
URUGUAY,CERRO LARGO,ÐANGAPIRE
URUGUAY,COLONIA,COLONIA DEL SACRAMENTO
URUGUAY,COLONIA,CARMELO
URUGUAY,COLONIA,JUAN LACAZE
URUGUAY,COLONIA,NUEVA HELVECIA
URUGUAY,COLONIA,ROSARIO
URUGUAY,COLONIA,NUEVA PALMIRA
URUGUAY,COLONIA,PASO ANTOLIN
URUGUAY,COLONIA,OMBUES DE LAVALLE
URUGUAY,COLONIA,TARARIRAS
URUGUAY,COLONIA,COLONIA VALDENSE
URUGUAY,COLONIA,FLORENCIO SANCHEZ
URUGUAY,COLONIA,CONCHILLAS
URUGUAY,COLONIA,CASERIO EL CERRO
URUGUAY,COLONIA,LA PAZ
URUGUAY,COLONIA,RIACHUELO
URUGUAY,COLONIA,JUAN CARLOS CASEROS
URUGUAY,COLONIA,AGRACIADA
URUGUAY,COLONIA,BOCA DEL ROSARIO
URUGUAY,COLONIA,CUFRE
URUGUAY,COLONIA,EL SEMILLERO
URUGUAY,COLONIA,ESTACION ESTANZUELA
URUGUAY,COLONIA,CERROS DE SAN JUAN
URUGUAY,COLONIA,MIGUELETE
URUGUAY,COLONIA,CAMPANA
URUGUAY,COLONIA,ARTILLEROS
URUGUAY,COLONIA,BARKER
URUGUAY,COLONIA,EL ENSUEÐO
URUGUAY,COLONIA,BLANCA ARENA
URUGUAY,COLONIA,BRISAS DEL PLATA
URUGUAY,COLONIA,COLONIA COSMOPOLITA
URUGUAY,COLONIA,PARAJE MINUANO
URUGUAY,COLONIA,LOS PINOS
URUGUAY,COLONIA,CHICO TORINO
URUGUAY,COLONIA,LA HORQUETA
URUGUAY,COLONIA,PLAYA AZUL
URUGUAY,COLONIA,PLAYA BRITOPOLIS
URUGUAY,COLONIA,PLAYA PARANT
URUGUAY,COLONIA,PLAYA FOMENTO
URUGUAY,COLONIA,PUERTO INGLES
URUGUAY,COLONIA,RADIAL HERNANDEZ
URUGUAY,COLONIA,SAN PEDRO
URUGUAY,COLONIA,SANTA ANA
URUGUAY,COLONIA,SANTA REGINA
URUGUAY,COLONIA,ZAGARZAZU
URUGUAY,COLONIA,ARRIVILLAGA
URUGUAY,COLONIA,EL FARO
URUGUAY,COLONIA,LAGUNA DE LOS PATOS
URUGUAY,COLONIA,JUAN JACKSON
URUGUAY,COLONIA,PUEBLO GIL
URUGUAY,COLONIA,CERRO CARMELO
URUGUAY,COLONIA,EL QUINTON
URUGUAY,DURAZNO,DURAZNO
URUGUAY,DURAZNO,SARANDI DEL YI
URUGUAY,DURAZNO,CARMEN
URUGUAY,DURAZNO,BLANQUILLO
URUGUAY,DURAZNO,LA PALOMA
URUGUAY,DURAZNO,CARLOS REYLES
URUGUAY,DURAZNO,CENTENARIO
URUGUAY,DURAZNO,SANTA BERNARDINA
URUGUAY,DURAZNO,CERRO CHATO
URUGUAY,DURAZNO,BAYGORRIA
URUGUAY,DURAZNO,AGUAS BUENAS
URUGUAY,DURAZNO,PUEBLO DE ALVAREZ
URUGUAY,DURAZNO,FELICIANO
URUGUAY,DURAZNO,OMBUES DE ORIBE
URUGUAY,DURAZNO,ROSSELL Y RIUS
URUGUAY,DURAZNO,SAN JORGE
URUGUAY,DURAZNO,LAS PALMAS
URUGUAY,FLORES,TRINIDAD
URUGUAY,FLORES,ISMAEL CORTINAS
URUGUAY,FLORES,ANDRESITO
URUGUAY,FLORES,JUAN JOSE CASTRO
URUGUAY,FLORES,LA CASILLA
URUGUAY,FLORES,CERRO COLORADO
URUGUAY,FLORIDA,FLORIDA
URUGUAY,FLORIDA,SARANDI GRANDE
URUGUAY,FLORIDA,CASUPA
URUGUAY,FLORIDA,CARDAL
URUGUAY,FLORIDA,FRAY MARCOS
URUGUAY,FLORIDA,25 DE AGOSTO
URUGUAY,FLORIDA,25 DE MAYO
URUGUAY,FLORIDA,ALEJANDRO GALLINAL
URUGUAY,FLORIDA,CAPILLA DEL SAUCE
URUGUAY,FLORIDA,LA CRUZ
URUGUAY,FLORIDA,NICO PEREZ
URUGUAY,FLORIDA,CERRO CHATO
URUGUAY,FLORIDA,CHAMIZO
URUGUAY,FLORIDA,GOÐI
URUGUAY,FLORIDA,MENDOZA
URUGUAY,FLORIDA,MENDOZA CHICO
URUGUAY,FLORIDA,REBOLEDO
URUGUAY,FLORIDA,VALENTINES
URUGUAY,FLORIDA,BERRONDO
URUGUAY,FLORIDA,PUEBLO FERRER
URUGUAY,FLORIDA,INDEPENDENCIA
URUGUAY,FLORIDA,MONTECORAL
URUGUAY,FLORIDA,PINTADO
URUGUAY,FLORIDA,POLANCO DEL YI
URUGUAY,FLORIDA,PUNTAS DE MACIEL
URUGUAY,FLORIDA,ILLESCAS
URUGUAY,FLORIDA,CASERIO LA FUNDACION
URUGUAY,FLORIDA,LA MACANA
URUGUAY,FLORIDA,ESTACION CAPILLA DEL SAUCE
URUGUAY,FLORIDA,SAN GABRIEL
URUGUAY,LAVALLEJA,MINAS
URUGUAY,LAVALLEJA,JOSE BATLLE Y ORDOÐEZ
URUGUAY,LAVALLEJA,JOSE PEDRO VARELA
URUGUAY,LAVALLEJA,MARISCALA
URUGUAY,LAVALLEJA,SOLIS DE MATAOJO
URUGUAY,LAVALLEJA,PIRARAJA
URUGUAY,LAVALLEJA,ZAPICAN
URUGUAY,LAVALLEJA,COLON
URUGUAY,LAVALLEJA,ARAMENDIA
URUGUAY,LAVALLEJA,BLANES VIALE
URUGUAY,LAVALLEJA,19 DE JUNIO
URUGUAY,LAVALLEJA,ESTACION SOLIS
URUGUAY,LAVALLEJA,GAETAN
URUGUAY,LAVALLEJA,POLANCO NORTE
URUGUAY,LAVALLEJA,VILLA DEL ROSARIO
URUGUAY,LAVALLEJA,VILLA SERRANA
URUGUAY,LAVALLEJA,BARRIO LA CORONILLA - ANCAP
URUGUAY,LAVALLEJA,SAN FRANCISCO DE LAS SIERRAS
URUGUAY,LAVALLEJA,ILLESCAS
URUGUAY,MALDONADO,MALDONADO
URUGUAY,MALDONADO,SAN CARLOS
URUGUAY,MALDONADO,AIGUA
URUGUAY,MALDONADO,PAN DE AZUCAR
URUGUAY,MALDONADO,PIRIAPOLIS
URUGUAY,MALDONADO,PUNTA DEL ESTE
URUGUAY,MALDONADO,CERRO PELADO
URUGUAY,MALDONADO,GARZON
URUGUAY,MALDONADO,GERONA
URUGUAY,MALDONADO,LAS FLORES - ESTACION
URUGUAY,MALDONADO,LOS TALAS
URUGUAY,MALDONADO,NUEVA CARRARA
URUGUAY,MALDONADO,SOLIS
URUGUAY,MALDONADO,PUEBLO SOLIS
URUGUAY,MALDONADO,PINARES - LAS DELICIAS
URUGUAY,MALDONADO,CHIHUAHUA
URUGUAY,MALDONADO,VILLA DELIA
URUGUAY,MALDONADO,SAN RAFAEL - EL PLACER
URUGUAY,MALDONADO,BARRIO HIPODROMO
URUGUAY,MALDONADO,LOS AROMOS
URUGUAY,MALDONADO,BELLA VISTA
URUGUAY,MALDONADO,CANTERAS DE MARELLI
URUGUAY,MALDONADO,CERROS AZULES
URUGUAY,MALDONADO,EL CHORRO
URUGUAY,MALDONADO,EL EDEN
URUGUAY,MALDONADO,EL TESORO
URUGUAY,MALDONADO,FARO JOSE IGNACIO
URUGUAY,MALDONADO,GREGORIO AZNAREZ
URUGUAY,MALDONADO,LA BARRA
URUGUAY,MALDONADO,LA CAPUERA
URUGUAY,MALDONADO,LAS FLORES
URUGUAY,MALDONADO,MANANTIALES
URUGUAY,MALDONADO,OCEAN PARK
URUGUAY,MALDONADO,PLAYA GRANDE
URUGUAY,MALDONADO,PLAYA HERMOSA
URUGUAY,MALDONADO,PLAYA VERDE
URUGUAY,MALDONADO,PUNTA BALLENA
URUGUAY,MALDONADO,PUNTA COLORADA
URUGUAY,MALDONADO,PUNTA NEGRA
URUGUAY,MALDONADO,RUTA 37 Y 9
URUGUAY,MALDONADO,SAUCE DE PORTEZUELO
URUGUAY,MALDONADO,SAN VICENTE
URUGUAY,MALDONADO,BALNEARIO BUENOS AIRES
URUGUAY,MALDONADO,LAS CUMBRES
URUGUAY,MALDONADO,LOS CORCHOS
URUGUAY,MALDONADO,SANTA MONICA
URUGUAY,MALDONADO,EDEN ROCK
URUGUAY,MALDONADO,PARQUE MEDINA
URUGUAY,MALDONADO,ARENAS DE JOSE IGNACIO
URUGUAY,MALDONADO,LA SONRISA
URUGUAY,MALDONADO,EL QUIJOTE
URUGUAY,MALDONADO,LAGUNA BLANCA
URUGUAY,PAYSANDU,PAYSANDU
URUGUAY,PAYSANDU,GUICHON
URUGUAY,PAYSANDU,NUEVO PAYSANDU
URUGUAY,PAYSANDU,QUEBRACHO
URUGUAY,PAYSANDU,TAMBORES
URUGUAY,PAYSANDU,LORENZO GEYRES
URUGUAY,PAYSANDU,MERINOS
URUGUAY,PAYSANDU,PORVENIR
URUGUAY,PAYSANDU,ARBOLITO
URUGUAY,PAYSANDU,BEISSO
URUGUAY,PAYSANDU,CASABLANCA
URUGUAY,PAYSANDU,CERRO CHATO
URUGUAY,PAYSANDU,CONSTANCIA
URUGUAY,PAYSANDU,MORATO
URUGUAY,PAYSANDU,PIEDRAS COLORADAS
URUGUAY,PAYSANDU,PIÐERA
URUGUAY,PAYSANDU,SAN FELIX
URUGUAY,PAYSANDU,VILLA MARIA (TIATUCURA)
URUGUAY,PAYSANDU,PIEDRA SOLA
URUGUAY,PAYSANDU,ARAUJO
URUGUAY,PAYSANDU,BELLA VISTA
URUGUAY,PAYSANDU,CAÐADA DEL PUEBLO
URUGUAY,PAYSANDU,CHAPICUY
URUGUAY,PAYSANDU,EL EUCALIPTUS
URUGUAY,PAYSANDU,ESPERANZA
URUGUAY,PAYSANDU,PUEBLO FEDERACION
URUGUAY,PAYSANDU,LA TENTACION
URUGUAY,PAYSANDU,ORGOROSO
URUGUAY,PAYSANDU,CUCHILLA DE BURICAYUPI
URUGUAY,PAYSANDU,SOTO
URUGUAY,PAYSANDU,ZEBALLOS
URUGUAY,PAYSANDU,CHACRAS DE PAYSANDU
URUGUAY,PAYSANDU,GALLINAL
URUGUAY,PAYSANDU,PUNTAS DE ARROYO NEGRO
URUGUAY,PAYSANDU,ESTACION PORVENIR
URUGUAY,PAYSANDU,CUCHILLA DE FUEGO
URUGUAY,PAYSANDU,PUEBLO ALONZO
URUGUAY,PAYSANDU,QUEGUAYAR
URUGUAY,PAYSANDU,TERMAS DE GUAVIYU
URUGUAY,PAYSANDU,TERMAS DE ALMIRON
URUGUAY,RIO NEGRO,FRAY BENTOS
URUGUAY,RIO NEGRO,YOUNG
URUGUAY,RIO NEGRO,NUEVO BERLIN
URUGUAY,RIO NEGRO,SAN JAVIER
URUGUAY,RIO NEGRO,BARRIO ANGLO
URUGUAY,RIO NEGRO,GRECCO
URUGUAY,RIO NEGRO,MERINOS
URUGUAY,RIO NEGRO,ALGORTA
URUGUAY,RIO NEGRO,EL OMBU
URUGUAY,RIO NEGRO,PASO DE LOS MELLIZOS
URUGUAY,RIO NEGRO,SARANDI DE NAVARRO
URUGUAY,RIO NEGRO,VILLA GENERAL BORGES
URUGUAY,RIO NEGRO,VILLA MARIA
URUGUAY,RIO NEGRO,LAS CAÐAS
URUGUAY,RIO NEGRO,BELLACO
URUGUAY,RIO NEGRO,LOS ARRAYANES
URUGUAY,RIO NEGRO,MENAFRA
URUGUAY,RIO NEGRO,TRES QUINTAS
URUGUAY,RIVERA,RIVERA
URUGUAY,RIVERA,MINAS DE CORRALES
URUGUAY,RIVERA,TRANQUERAS
URUGUAY,RIVERA,VICHADERO
URUGUAY,RIVERA,SANTA TERESA
URUGUAY,RIVERA,ARROYO BLANCO
URUGUAY,RIVERA,PASO ATAQUES
URUGUAY,RIVERA,CERRO PELADO
URUGUAY,RIVERA,PASO HOSPITAL
URUGUAY,RIVERA,LAPUENTE
URUGUAY,RIVERA,LAS FLORES
URUGUAY,RIVERA,MOIRONES
URUGUAY,RIVERA,LA PEDRERA
URUGUAY,RIVERA,MANDUBI
URUGUAY,RIVERA,LAGUNON
URUGUAY,RIVERA,AMARILLO
URUGUAY,RIVERA,CERRILLADA
URUGUAY,RIVERA,CERROS DE LA CALERA
URUGUAY,RIVERA,LAGOS DEL NORTE
URUGUAY,RIVERA,MASOLLER
URUGUAY,ROCHA,ROCHA
URUGUAY,ROCHA,CASTILLOS
URUGUAY,ROCHA,LASCANO
URUGUAY,ROCHA,CHUY
URUGUAY,ROCHA,CEBOLLATI
URUGUAY,ROCHA,VELAZQUEZ
URUGUAY,ROCHA,18 DE JULIO
URUGUAY,ROCHA,LA PALOMA
URUGUAY,ROCHA,SAN LUIS AL MEDIO
URUGUAY,ROCHA,LA AGUADA Y COSTA AZUL
URUGUAY,ROCHA,19 DE ABRIL
URUGUAY,ROCHA,LA CORONILLA
URUGUAY,ROCHA,BARRIO PEREIRA
URUGUAY,ROCHA,AGUAS DULCES
URUGUAY,ROCHA,BARRA DEL CHUY
URUGUAY,ROCHA,BARRIO TORRES
URUGUAY,ROCHA,CABO POLONIO
URUGUAY,ROCHA,CAPACHO
URUGUAY,ROCHA,BARRA DE VALIZAS
URUGUAY,ROCHA,LA ESMERALDA
URUGUAY,ROCHA,LA PEDRERA
URUGUAY,ROCHA,PARALLE
URUGUAY,ROCHA,PUERTO DE LOS BOTES
URUGUAY,ROCHA,PUIMAYEN
URUGUAY,ROCHA,ARACHANIA
URUGUAY,ROCHA,PTA. RUBIA Y STA. ISABEL DE LA PED
URUGUAY,ROCHA,PUNTA DEL DIABLO
URUGUAY,ROCHA,PALMARES DE LA CORONILLA
URUGUAY,ROCHA,LA RIBIERA
URUGUAY,ROCHA,PUENTE VALIZAS
URUGUAY,ROCHA,OCEANIA DEL POLONIO
URUGUAY,ROCHA,PUEBLO NUEVO
URUGUAY,ROCHA,TAJAMARES DE LA PEDRERA
URUGUAY,ROCHA,SAN ANTONIO
URUGUAY,SALTO,SALTO
URUGUAY,SALTO,BELEN
URUGUAY,SALTO,CONSTITUCION
URUGUAY,SALTO,FERNANDEZ
URUGUAY,SALTO,SAN ANTONIO
URUGUAY,SALTO,CHACRAS DE BELEN
URUGUAY,SALTO,ALBISU
URUGUAY,SALTO,BIASSINI
URUGUAY,SALTO,CAMPO DE TODOS
URUGUAY,SALTO,CAYETANO
URUGUAY,SALTO,CUCHILLA DE GUAVIYU
URUGUAY,SALTO,TERMAS DEL DAYMAN
URUGUAY,SALTO,PALOMAS
URUGUAY,SALTO,PASO DEL PARQUE DEL DAYMAN
URUGUAY,SALTO,QUINTANA
URUGUAY,SALTO,SARANDI DE ARAPEY
URUGUAY,SALTO,SAUCEDO
URUGUAY,SALTO,ARENITAS BLANCAS
URUGUAY,SALTO,CELESTE
URUGUAY,SALTO,CERROS DE VERA
URUGUAY,SALTO,GARIBALDI
URUGUAY,SALTO,TERMAS DEL ARAPEY
URUGUAY,SALTO,LAS FLORES
URUGUAY,SALTO,LAURELES
URUGUAY,SALTO,LLUVERAS
URUGUAY,SALTO,MIGLIARO
URUGUAY,SALTO,OLIVERA
URUGUAY,SALTO,PASO DE LAS PIEDRAS DE ARERUNGUA
URUGUAY,SALTO,PUNTAS DE VALENTIN
URUGUAY,SALTO,RINCON DE VALENTIN
URUGUAY,SALTO,COLONIA 18 DE JULIO
URUGUAY,SALTO,PARQUE JOSE LUIS
URUGUAY,SALTO,COLONIA ITAPEBI
URUGUAY,SALTO,GUAVIYU DE ARAPEY
URUGUAY,SALTO,RUSSO
URUGUAY,SALTO,PASO CEMENTERIO
URUGUAY,SALTO,OSIMANI Y LLERENA
URUGUAY,SAN JOSE,SAN JOSE DE MAYO
URUGUAY,SAN JOSE,LIBERTAD
URUGUAY,SAN JOSE,DELTA DEL TIGRE Y VILLAS
URUGUAY,SAN JOSE,RODRIGUEZ
URUGUAY,SAN JOSE,ITUZAINGO
URUGUAY,SAN JOSE,SANTA MONICA
URUGUAY,SAN JOSE,PUNTAS DE VALDEZ
URUGUAY,SAN JOSE,GONZALEZ
URUGUAY,SAN JOSE,MAL ABRIGO
URUGUAY,SAN JOSE,PLAYA PASCUAL
URUGUAY,SAN JOSE,18 DE JULIO (PUEBLO NUEVO)
URUGUAY,SAN JOSE,RAFAEL PERAZA
URUGUAY,SAN JOSE,RAIGON
URUGUAY,SAN JOSE,SAFICI (PARQUE POSTEL)
URUGUAY,SAN JOSE,JUAN SOLER
URUGUAY,SAN JOSE,BOCA DEL CUFRE
URUGUAY,SAN JOSE,CAPURRO
URUGUAY,SAN JOSE,VILLA MARIA
URUGUAY,SAN JOSE,ECILDA PAULLIER
URUGUAY,SAN JOSE,KIYU-ORDEIG
URUGUAY,SAN JOSE,LA BOYADA
URUGUAY,SAN JOSE,CAÐADA GRANDE
URUGUAY,SAN JOSE,RINCON DEL PINO
URUGUAY,SAN JOSE,SAN GREGORIO
URUGUAY,SAN JOSE,SCAVINO
URUGUAY,SAN JOSE,MONTE GRANDE
URUGUAY,SAN JOSE,CERAMICAS DEL SUR
URUGUAY,SAN JOSE,RADIAL
URUGUAY,SAN JOSE,COLOLO TINOSA
URUGUAY,SAN JOSE,MANGRULLO
URUGUAY,SAN JOSE,CARRETA QUEMADA
URUGUAY,SAN JOSE,COSTAS DE PEREIRA
URUGUAY,SAN JOSE,COLONIA DELTA
URUGUAY,SORIANO,MERCEDES
URUGUAY,SORIANO,DOLORES
URUGUAY,SORIANO,CARDONA
URUGUAY,SORIANO,JOSE ENRIQUE RODO
URUGUAY,SORIANO,PALMITAS
URUGUAY,SORIANO,VILLA SORIANO
URUGUAY,SORIANO,PALMAR
URUGUAY,SORIANO,EGAÐA
URUGUAY,SORIANO,SANTA CATALINA
URUGUAY,SORIANO,AGRACIADA
URUGUAY,SORIANO,CASTILLOS
URUGUAY,SORIANO,RISSO
URUGUAY,SORIANO,SACACHISPAS
URUGUAY,SORIANO,CAÐADA NIETO
URUGUAY,SORIANO,CUCHILLA DEL PERDIDO
URUGUAY,SORIANO,EL TALA
URUGUAY,SORIANO,LA CONCORDIA
URUGUAY,SORIANO,LA LOMA
URUGUAY,SORIANO,PALO SOLO
URUGUAY,SORIANO,CHACRAS DE DOLORES
URUGUAY,SORIANO,COLONIA CONCORDIA
URUGUAY,SORIANO,PERSEVERANO
URUGUAY,SORIANO,LARES
URUGUAY,TACUAREMBO,TACUAREMBO
URUGUAY,TACUAREMBO,PASO DE LOS TOROS
URUGUAY,TACUAREMBO,SAN GREGORIO DE POLANCO
URUGUAY,TACUAREMBO,TAMBORES
URUGUAY,TACUAREMBO,ACHAR
URUGUAY,TACUAREMBO,ANSINA
URUGUAY,TACUAREMBO,CURTINA
URUGUAY,TACUAREMBO,PASO DEL CERRO
URUGUAY,TACUAREMBO,CLARA
URUGUAY,TACUAREMBO,CUCHILLA DEL OMBU
URUGUAY,TACUAREMBO,LA HILERA
URUGUAY,TACUAREMBO,LAS TOSCAS
URUGUAY,TACUAREMBO,PASO BONILLA
URUGUAY,TACUAREMBO,PUEBLO DE ARRIBA
URUGUAY,TACUAREMBO,PUEBLO DEL BARRO
URUGUAY,TACUAREMBO,RINCON DEL BONETE
URUGUAY,TACUAREMBO,BALNEARIO IPORA
URUGUAY,TACUAREMBO,PIEDRA SOLA
URUGUAY,TACUAREMBO,CARDOZO
URUGUAY,TACUAREMBO,CHAMBERLAIN
URUGUAY,TACUAREMBO,CUCHILLA DE PERALTA
URUGUAY,TACUAREMBO,LA PEDRERA
URUGUAY,TACUAREMBO,LAURELES
URUGUAY,TACUAREMBO,MONTEVIDEO CHICO
URUGUAY,TACUAREMBO,CERRO DE PASTOREO
URUGUAY,TACUAREMBO,SAUCE DE BATOVI
URUGUAY,TACUAREMBO,PUNTAS DE CINCO SAUCES
URUGUAY,TACUAREMBO,RINCON DE PEREIRA
URUGUAY,TACUAREMBO,PUNTA DE CARRETERA
URUGUAY,TACUAREMBO,CRUZ DE LOS CAMINOS
URUGUAY,TREINTA Y TRE,TREINTA Y TRES
URUGUAY,TREINTA Y TRE,SANTA CLARA DE OLIMAR
URUGUAY,TREINTA Y TRE,VERGARA
URUGUAY,TREINTA Y TRE,ARROZAL TREINTA Y TRES
URUGUAY,TREINTA Y TRE,GRAL. ENRIQUE MARTINEZ
URUGUAY,TREINTA Y TRE,VILLA SARA
URUGUAY,TREINTA Y TRE,CERRO CHATO
URUGUAY,TREINTA Y TRE,ESTACION RINCON
URUGUAY,TREINTA Y TRE,ISLA PATRULLA (MARIA ISABEL)
URUGUAY,TREINTA Y TRE,VALENTINES
URUGUAY,TREINTA Y TRE,POBLADO ALONZO
URUGUAY,TREINTA Y TRE,ARROCERA RINCON
URUGUAY,TREINTA Y TRE,ARROCERA LOS CEIBOS
URUGUAY,TREINTA Y TRE,MARIA ALBINA
URUGUAY,TREINTA Y TRE,MENDIZABAL (EL ORO)
URUGUAY,TREINTA Y TRE,PUNTAS DEL PARAO
URUGUAY,TREINTA Y TRE,VILLA PASSANO
URUGUAY,TREINTA Y TRE,EJIDO DE TREINTA Y TRES
URUGUAY,TREINTA Y TRE,EL BELLACO
URUGUAY,TREINTA Y TRE,ARROCERA LOS TEROS
URUGUAY,TREINTA Y TRE,ARROCERA BONOMO
URUGUAY,TREINTA Y TRE,ARROCERA EL TIGRE
URUGUAY,TREINTA Y TRE,ARROCERA LA CATUMBERA
URUGUAY,TREINTA Y TRE,ARROCERA LA QUERENCIA
URUGUAY,TREINTA Y TRE,ARROCERA LAS PALMAS
URUGUAY,TREINTA Y TRE,ARROCERA MINI
URUGUAY,TREINTA Y TRE,ARROCERA PROCIPA
URUGUAY,TREINTA Y TRE,ARROCERA SAN FERNANDO
URUGUAY,TREINTA Y TRE,ARROCERA SANTA FE
URUGUAY,TREINTA Y TRE,ARROCERA ZAPATA
URUGUAY,MONTEVIDEO,CIUDAD VIEJA
URUGUAY,MONTEVIDEO,CENTRO
URUGUAY,MONTEVIDEO,BARRIO SUR
URUGUAY,MONTEVIDEO,CORDÓN
URUGUAY,MONTEVIDEO,PALERMO
URUGUAY,MONTEVIDEO,PARQUE RODÓ
URUGUAY,MONTEVIDEO,PUNTA CARRETAS
URUGUAY,MONTEVIDEO,POCITOS
URUGUAY,MONTEVIDEO,BUCEO
URUGUAY,MONTEVIDEO,"PARQUE BATLLE, VILLA DOLORES"
URUGUAY,MONTEVIDEO,MALVÍN
URUGUAY,MONTEVIDEO,MALVÍN NORTE
URUGUAY,MONTEVIDEO,PUNTA GORDA
URUGUAY,MONTEVIDEO,CARRASCO
URUGUAY,MONTEVIDEO,CARRASCO NORTE
URUGUAY,MONTEVIDEO,BAÑADOS DE CARRASCO
URUGUAY,MONTEVIDEO,"MAROÑAS, PARQUE GUARANÍ"
URUGUAY,MONTEVIDEO,FLOR DE MAROÑAS
URUGUAY,MONTEVIDEO,LAS CANTERAS
URUGUAY,MONTEVIDEO,"PUNTA RIELES, BELLA ITALIA"
URUGUAY,MONTEVIDEO,JARDINES DEL HIPÓDROMO
URUGUAY,MONTEVIDEO,ITUZAINGÓ
URUGUAY,MONTEVIDEO,UNIÓN
URUGUAY,MONTEVIDEO,VILLA ESPAÑOLA
URUGUAY,MONTEVIDEO,"MERCADO MODELO, BOLÍVAR"
URUGUAY,MONTEVIDEO,"CASTRO, P. CASTELLANOS"
URUGUAY,MONTEVIDEO,CERRITO
URUGUAY,MONTEVIDEO,LAS ACACIAS
URUGUAY,MONTEVIDEO,AIRES PUROS
URUGUAY,MONTEVIDEO,CASAVALLE
URUGUAY,MONTEVIDEO,PIEDRAS BLANCAS
URUGUAY,MONTEVIDEO,"MANGA, TOLEDO CHICO"
URUGUAY,MONTEVIDEO,PASO DE LAS DURANAS
URUGUAY,MONTEVIDEO,"PEÑAROL, LAVALLEJA"
URUGUAY,MONTEVIDEO,CERRO
URUGUAY,MONTEVIDEO,"CASABÓ, PAJAS BLANCAS"
URUGUAY,MONTEVIDEO,"LA PALOMA, TOMKINSON"
URUGUAY,MONTEVIDEO,LA TEJA
URUGUAY,MONTEVIDEO,"PRADO, NUEVA SAVONA"
URUGUAY,MONTEVIDEO,"CAPURRO, BELLA VISTA"
URUGUAY,MONTEVIDEO,AGUADA
URUGUAY,MONTEVIDEO,REDUCTO
URUGUAY,MONTEVIDEO,ATAHUALPA
URUGUAY,MONTEVIDEO,JACINTO VERA
URUGUAY,MONTEVIDEO,LA FIGURITA
URUGUAY,MONTEVIDEO,LARRAÑAGA
URUGUAY,MONTEVIDEO,LA BLANQUEADA
URUGUAY,MONTEVIDEO,"VILLA MUÑOZ, RETIRO"
URUGUAY,MONTEVIDEO,LA COMERCIAL
URUGUAY,MONTEVIDEO,TRES CRUCES
URUGUAY,MONTEVIDEO,BRAZO ORIENTAL
URUGUAY,MONTEVIDEO,SAYAGO
URUGUAY,MONTEVIDEO,CONCILIACIÓN
URUGUAY,MONTEVIDEO,BELVEDERE
URUGUAY,MONTEVIDEO,NUEVO PARÍS
URUGUAY,MONTEVIDEO,"TRES OMBÚES, VICTORIA"
URUGUAY,MONTEVIDEO,PASO DE LA ARENA
URUGUAY,MONTEVIDEO,"COLÓN SURESTE, ABAYUBÁ"
URUGUAY,MONTEVIDEO,COLÓN CENTRO Y NOROESTE
URUGUAY,MONTEVIDEO,"LEZICA, MELILLA"
URUGUAY,MONTEVIDEO,"VILLA GARCÍA, MANGA RURAL"
URUGUAY,MONTEVIDEO,MANGA
